{
  "/HomePage" : {
    "transaction" : "/HomePage",
    "sampleCount" : 5,
    "errorCount" : 0,
    "errorPct" : 0.0,
    "meanResTime" : 466.0,
    "medianResTime" : 257.0,
    "minResTime" : 237.0,
    "maxResTime" : 1318.0,
    "pct1ResTime" : 1318.0,
    "pct2ResTime" : 1318.0,
    "pct3ResTime" : 1318.0,
    "throughput" : 0.31028918952463697,
    "receivedKBytesPerSec" : 0.5085227713478963,
    "sentKBytesPerSec" : 0.2575642686483803
  },
  "FlighBooking_T04_BookFlight" : {
    "transaction" : "FlighBooking_T04_BookFlight",
    "sampleCount" : 5,
    "errorCount" : 0,
    "errorPct" : 0.0,
    "meanResTime" : 351.0,
    "medianResTime" : 384.0,
    "minResTime" : 189.0,
    "maxResTime" : 465.0,
    "pct1ResTime" : 465.0,
    "pct2ResTime" : 465.0,
    "pct3ResTime" : 465.0,
    "throughput" : 0.33694992924051487,
    "receivedKBytesPerSec" : 0.5886752181750792,
    "sentKBytesPerSec" : 0.46659667935844734
  },
  "FlighBooking_T02_FlightFinder" : {
    "transaction" : "FlighBooking_T02_FlightFinder",
    "sampleCount" : 5,
    "errorCount" : 0,
    "errorPct" : 0.0,
    "meanResTime" : 371.2,
    "medianResTime" : 427.0,
    "minResTime" : 187.0,
    "maxResTime" : 475.0,
    "pct1ResTime" : 475.0,
    "pct2ResTime" : 475.0,
    "pct3ResTime" : 475.0,
    "throughput" : 0.32868787799105964,
    "receivedKBytesPerSec" : 0.566537211576387,
    "sentKBytesPerSec" : 0.3941686661845911
  },
  "Total" : {
    "transaction" : "Total",
    "sampleCount" : 20,
    "errorCount" : 0,
    "errorPct" : 0.0,
    "meanResTime" : 399.75,
    "medianResTime" : 311.0,
    "minResTime" : 187.0,
    "maxResTime" : 1318.0,
    "pct1ResTime" : 788.3000000000005,
    "pct2ResTime" : 1292.6499999999996,
    "pct3ResTime" : 1318.0,
    "throughput" : 0.48518958783144517,
    "receivedKBytesPerSec" : 0.8558336845903788,
    "sentKBytesPerSec" : 0.5678708213046748
  },
  "FlighBooking_T01_HomePage" : {
    "transaction" : "FlighBooking_T01_HomePage",
    "sampleCount" : 5,
    "errorCount" : 0,
    "errorPct" : 0.0,
    "meanResTime" : 466.0,
    "medianResTime" : 257.0,
    "minResTime" : 237.0,
    "maxResTime" : 1318.0,
    "pct1ResTime" : 1318.0,
    "pct2ResTime" : 1318.0,
    "pct3ResTime" : 1318.0,
    "throughput" : 0.3082614056720099,
    "receivedKBytesPerSec" : 0.5051995029284834,
    "sentKBytesPerSec" : 0.25588104963008634
  },
  "/confirmation.php" : {
    "transaction" : "/confirmation.php",
    "sampleCount" : 5,
    "errorCount" : 0,
    "errorPct" : 0.0,
    "meanResTime" : 351.0,
    "medianResTime" : 384.0,
    "minResTime" : 189.0,
    "maxResTime" : 465.0,
    "pct1ResTime" : 465.0,
    "pct2ResTime" : 465.0,
    "pct3ResTime" : 465.0,
    "throughput" : 0.33694992924051487,
    "receivedKBytesPerSec" : 0.5886752181750792,
    "sentKBytesPerSec" : 0.46659667935844734
  },
  "FlighBooking_T03_SelectFlight" : {
    "transaction" : "FlighBooking_T03_SelectFlight",
    "sampleCount" : 5,
    "errorCount" : 0,
    "errorPct" : 0.0,
    "meanResTime" : 410.8,
    "medianResTime" : 253.0,
    "minResTime" : 197.0,
    "maxResTime" : 811.0,
    "pct1ResTime" : 811.0,
    "pct2ResTime" : 811.0,
    "pct3ResTime" : 811.0,
    "throughput" : 0.328515111695138,
    "receivedKBytesPerSec" : 0.6393212056504599,
    "sentKBytesPerSec" : 0.4164185693166885
  },
  "/purchase.php" : {
    "transaction" : "/purchase.php",
    "sampleCount" : 5,
    "errorCount" : 0,
    "errorPct" : 0.0,
    "meanResTime" : 410.8,
    "medianResTime" : 253.0,
    "minResTime" : 197.0,
    "maxResTime" : 811.0,
    "pct1ResTime" : 811.0,
    "pct2ResTime" : 811.0,
    "pct3ResTime" : 811.0,
    "throughput" : 0.328515111695138,
    "receivedKBytesPerSec" : 0.6393212056504599,
    "sentKBytesPerSec" : 0.4164185693166885
  },
  "/reserve.php" : {
    "transaction" : "/reserve.php",
    "sampleCount" : 5,
    "errorCount" : 0,
    "errorPct" : 0.0,
    "meanResTime" : 371.2,
    "medianResTime" : 427.0,
    "minResTime" : 187.0,
    "maxResTime" : 475.0,
    "pct1ResTime" : 475.0,
    "pct2ResTime" : 475.0,
    "pct3ResTime" : 475.0,
    "throughput" : 0.32866627226713996,
    "receivedKBytesPerSec" : 0.5664999712417013,
    "sentKBytesPerSec" : 0.39414275619535927
  }
}