{
  "/HomePage" : {
    "transaction" : "/HomePage",
    "sampleCount" : 5,
    "errorCount" : 0,
    "errorPct" : 0.0,
    "meanResTime" : 496.4,
    "medianResTime" : 508.0,
    "minResTime" : 296.0,
    "maxResTime" : 700.0,
    "pct1ResTime" : 700.0,
    "pct2ResTime" : 700.0,
    "pct3ResTime" : 700.0,
    "throughput" : 0.3039144176999757,
    "receivedKBytesPerSec" : 0.48946841569414046,
    "sentKBytesPerSec" : 0.2522727100048626
  },
  "FlighBooking_T04_BookFlight" : {
    "transaction" : "FlighBooking_T04_BookFlight",
    "sampleCount" : 5,
    "errorCount" : 0,
    "errorPct" : 0.0,
    "meanResTime" : 282.2,
    "medianResTime" : 238.0,
    "minResTime" : 201.0,
    "maxResTime" : 383.0,
    "pct1ResTime" : 383.0,
    "pct2ResTime" : 383.0,
    "pct3ResTime" : 383.0,
    "throughput" : 0.31353859660124156,
    "receivedKBytesPerSec" : 0.5455081676804415,
    "sentKBytesPerSec" : 0.43417747068414125
  },
  "FlighBooking_T02_FlightFinder" : {
    "transaction" : "FlighBooking_T02_FlightFinder",
    "sampleCount" : 5,
    "errorCount" : 0,
    "errorPct" : 0.0,
    "meanResTime" : 226.8,
    "medianResTime" : 230.0,
    "minResTime" : 205.0,
    "maxResTime" : 257.0,
    "pct1ResTime" : 257.0,
    "pct2ResTime" : 257.0,
    "pct3ResTime" : 257.0,
    "throughput" : 0.31537782263151254,
    "receivedKBytesPerSec" : 0.5339247981581935,
    "sentKBytesPerSec" : 0.3782069982338842
  },
  "Total" : {
    "transaction" : "Total",
    "sampleCount" : 20,
    "errorCount" : 0,
    "errorPct" : 0.0,
    "meanResTime" : 329.34999999999997,
    "medianResTime" : 276.5,
    "minResTime" : 201.0,
    "maxResTime" : 700.0,
    "pct1ResTime" : 557.5000000000001,
    "pct2ResTime" : 693.1499999999999,
    "pct3ResTime" : 700.0,
    "throughput" : 0.4836642402843946,
    "receivedKBytesPerSec" : 0.8473334607990134,
    "sentKBytesPerSec" : 0.5660855390437958
  },
  "FlighBooking_T01_HomePage" : {
    "transaction" : "FlighBooking_T01_HomePage",
    "sampleCount" : 5,
    "errorCount" : 0,
    "errorPct" : 0.0,
    "meanResTime" : 496.4,
    "medianResTime" : 508.0,
    "minResTime" : 296.0,
    "maxResTime" : 700.0,
    "pct1ResTime" : 700.0,
    "pct2ResTime" : 700.0,
    "pct3ResTime" : 700.0,
    "throughput" : 0.3024071610015725,
    "receivedKBytesPerSec" : 0.48704090812870454,
    "sentKBytesPerSec" : 0.25102156919075846
  },
  "/confirmation.php" : {
    "transaction" : "/confirmation.php",
    "sampleCount" : 5,
    "errorCount" : 0,
    "errorPct" : 0.0,
    "meanResTime" : 282.2,
    "medianResTime" : 238.0,
    "minResTime" : 201.0,
    "maxResTime" : 383.0,
    "pct1ResTime" : 383.0,
    "pct2ResTime" : 383.0,
    "pct3ResTime" : 383.0,
    "throughput" : 0.3134992789516584,
    "receivedKBytesPerSec" : 0.5454397611135494,
    "sentKBytesPerSec" : 0.43412302495454264
  },
  "FlighBooking_T03_SelectFlight" : {
    "transaction" : "FlighBooking_T03_SelectFlight",
    "sampleCount" : 5,
    "errorCount" : 0,
    "errorPct" : 0.0,
    "meanResTime" : 312.0,
    "medianResTime" : 307.0,
    "minResTime" : 213.0,
    "maxResTime" : 416.0,
    "pct1ResTime" : 416.0,
    "pct2ResTime" : 416.0,
    "pct3ResTime" : 416.0,
    "throughput" : 0.31214883256336623,
    "receivedKBytesPerSec" : 0.6131407830253465,
    "sentKBytesPerSec" : 0.3956730319016107
  },
  "/purchase.php" : {
    "transaction" : "/purchase.php",
    "sampleCount" : 5,
    "errorCount" : 0,
    "errorPct" : 0.0,
    "meanResTime" : 312.0,
    "medianResTime" : 307.0,
    "minResTime" : 213.0,
    "maxResTime" : 416.0,
    "pct1ResTime" : 416.0,
    "pct2ResTime" : 416.0,
    "pct3ResTime" : 416.0,
    "throughput" : 0.31216832115876886,
    "receivedKBytesPerSec" : 0.6131790636511207,
    "sentKBytesPerSec" : 0.39569773521883
  },
  "/reserve.php" : {
    "transaction" : "/reserve.php",
    "sampleCount" : 5,
    "errorCount" : 0,
    "errorPct" : 0.0,
    "meanResTime" : 226.8,
    "medianResTime" : 230.0,
    "minResTime" : 205.0,
    "maxResTime" : 257.0,
    "pct1ResTime" : 257.0,
    "pct2ResTime" : 257.0,
    "pct3ResTime" : 257.0,
    "throughput" : 0.3153977165205324,
    "receivedKBytesPerSec" : 0.5339584778906201,
    "sentKBytesPerSec" : 0.37823085535860723
  }
}