{
  "/HomePage" : {
    "transaction" : "/HomePage",
    "sampleCount" : 70,
    "errorCount" : 0,
    "errorPct" : 0.0,
    "meanResTime" : 315.07142857142844,
    "medianResTime" : 254.0,
    "minResTime" : 194.0,
    "maxResTime" : 1826.0,
    "pct1ResTime" : 447.4,
    "pct2ResTime" : 621.5500000000001,
    "pct3ResTime" : 1826.0,
    "throughput" : 0.25321400924592863,
    "receivedKBytesPerSec" : 0.41146216734009533,
    "sentKBytesPerSec" : 0.21018741001859312
  },
  "FlighBooking_T04_BookFlight" : {
    "transaction" : "FlighBooking_T04_BookFlight",
    "sampleCount" : 69,
    "errorCount" : 0,
    "errorPct" : 0.0,
    "meanResTime" : 408.27536231884056,
    "medianResTime" : 240.0,
    "minResTime" : 0.0,
    "maxResTime" : 10498.0,
    "pct1ResTime" : 485.0,
    "pct2ResTime" : 569.0,
    "pct3ResTime" : 10498.0,
    "throughput" : 0.24945770065075923,
    "receivedKBytesPerSec" : 0.39696241752530725,
    "sentKBytesPerSec" : 0.320408532176428
  },
  "FlighBooking_T02_FlightFinder" : {
    "transaction" : "FlighBooking_T02_FlightFinder",
    "sampleCount" : 70,
    "errorCount" : 0,
    "errorPct" : 0.0,
    "meanResTime" : 315.5285714285714,
    "medianResTime" : 216.0,
    "minResTime" : 170.0,
    "maxResTime" : 1232.0,
    "pct1ResTime" : 529.5,
    "pct2ResTime" : 700.0500000000003,
    "pct3ResTime" : 1232.0,
    "throughput" : 0.25362870207323346,
    "receivedKBytesPerSec" : 0.4265123290723711,
    "sentKBytesPerSec" : 0.3041562950643854
  },
  "Total" : {
    "transaction" : "Total",
    "sampleCount" : 280,
    "errorCount" : 0,
    "errorPct" : 0.0,
    "meanResTime" : 347.72142857142865,
    "medianResTime" : 241.5,
    "minResTime" : 0.0,
    "maxResTime" : 10498.0,
    "pct1ResTime" : 488.6,
    "pct2ResTime" : 627.7499999999998,
    "pct3ResTime" : 2528.97,
    "throughput" : 0.9535388209492479,
    "receivedKBytesPerSec" : 1.622336290367896,
    "sentKBytesPerSec" : 1.088135720926431
  },
  "FlighBooking_T01_HomePage" : {
    "transaction" : "FlighBooking_T01_HomePage",
    "sampleCount" : 70,
    "errorCount" : 0,
    "errorPct" : 0.0,
    "meanResTime" : 315.07142857142844,
    "medianResTime" : 254.0,
    "minResTime" : 194.0,
    "maxResTime" : 1826.0,
    "pct1ResTime" : 447.4,
    "pct2ResTime" : 621.5500000000001,
    "pct3ResTime" : 1826.0,
    "throughput" : 0.25316272576690224,
    "receivedKBytesPerSec" : 0.4113788338330283,
    "sentKBytesPerSec" : 0.2101448407244794
  },
  "/confirmation.php" : {
    "transaction" : "/confirmation.php",
    "sampleCount" : 64,
    "errorCount" : 0,
    "errorPct" : 0.0,
    "meanResTime" : 315.171875,
    "medianResTime" : 248.5,
    "minResTime" : 174.0,
    "maxResTime" : 2498.0,
    "pct1ResTime" : 487.0,
    "pct2ResTime" : 573.0,
    "pct3ResTime" : 2498.0,
    "throughput" : 0.23827518550095497,
    "receivedKBytesPerSec" : 0.408790137966917,
    "sentKBytesPerSec" : 0.32995528617222086
  },
  "FlighBooking_T03_SelectFlight" : {
    "transaction" : "FlighBooking_T03_SelectFlight",
    "sampleCount" : 70,
    "errorCount" : 0,
    "errorPct" : 0.0,
    "meanResTime" : 322.1571428571429,
    "medianResTime" : 247.0,
    "minResTime" : 0.0,
    "maxResTime" : 2661.0,
    "pct1ResTime" : 492.8999999999999,
    "pct2ResTime" : 651.1500000000001,
    "pct3ResTime" : 2661.0,
    "throughput" : 0.25381815017332154,
    "receivedKBytesPerSec" : 0.48409225904499104,
    "sentKBytesPerSec" : 0.3171381301035578
  },
  "/purchase.php" : {
    "transaction" : "/purchase.php",
    "sampleCount" : 69,
    "errorCount" : 0,
    "errorPct" : 0.0,
    "meanResTime" : 326.82608695652175,
    "medianResTime" : 250.0,
    "minResTime" : 176.0,
    "maxResTime" : 2661.0,
    "pct1ResTime" : 499.0,
    "pct2ResTime" : 653.5,
    "pct3ResTime" : 2661.0,
    "throughput" : 0.2520271751040982,
    "receivedKBytesPerSec" : 0.4876427640349916,
    "sentKBytesPerSec" : 0.31946413406749946
  },
  "/reserve.php" : {
    "transaction" : "/reserve.php",
    "sampleCount" : 70,
    "errorCount" : 0,
    "errorPct" : 0.0,
    "meanResTime" : 315.5285714285714,
    "medianResTime" : 216.0,
    "minResTime" : 170.0,
    "maxResTime" : 1232.0,
    "pct1ResTime" : 529.5,
    "pct2ResTime" : 700.0500000000003,
    "pct3ResTime" : 1232.0,
    "throughput" : 0.25362870207323346,
    "receivedKBytesPerSec" : 0.4265123290723711,
    "sentKBytesPerSec" : 0.3041562950643854
  }
}