{
  "/HomePage" : {
    "transaction" : "/HomePage",
    "sampleCount" : 5,
    "errorCount" : 0,
    "errorPct" : 0.0,
    "meanResTime" : 513.2,
    "medianResTime" : 520.0,
    "minResTime" : 273.0,
    "maxResTime" : 768.0,
    "pct1ResTime" : 768.0,
    "pct2ResTime" : 768.0,
    "pct3ResTime" : 768.0,
    "throughput" : 0.3094250881861501,
    "receivedKBytesPerSec" : 0.49556361779813113,
    "sentKBytesPerSec" : 0.2568469970295192
  },
  "FlighBooking_T04_BookFlight" : {
    "transaction" : "FlighBooking_T04_BookFlight",
    "sampleCount" : 5,
    "errorCount" : 0,
    "errorPct" : 0.0,
    "meanResTime" : 296.8,
    "medianResTime" : 319.0,
    "minResTime" : 200.0,
    "maxResTime" : 393.0,
    "pct1ResTime" : 393.0,
    "pct2ResTime" : 393.0,
    "pct3ResTime" : 393.0,
    "throughput" : 0.3179043743641913,
    "receivedKBytesPerSec" : 0.5427968829476094,
    "sentKBytesPerSec" : 0.44022304965666326
  },
  "FlighBooking_T02_FlightFinder" : {
    "transaction" : "FlighBooking_T02_FlightFinder",
    "sampleCount" : 5,
    "errorCount" : 0,
    "errorPct" : 0.0,
    "meanResTime" : 330.8,
    "medianResTime" : 302.0,
    "minResTime" : 206.0,
    "maxResTime" : 475.0,
    "pct1ResTime" : 475.0,
    "pct2ResTime" : 475.0,
    "pct3ResTime" : 475.0,
    "throughput" : 0.31709791983764585,
    "receivedKBytesPerSec" : 0.5224683694824962,
    "sentKBytesPerSec" : 0.38026977105530185
  },
  "Total" : {
    "transaction" : "Total",
    "sampleCount" : 20,
    "errorCount" : 0,
    "errorPct" : 0.0,
    "meanResTime" : 367.90000000000003,
    "medianResTime" : 337.5,
    "minResTime" : 200.0,
    "maxResTime" : 768.0,
    "pct1ResTime" : 619.9000000000002,
    "pct2ResTime" : 761.1499999999999,
    "pct3ResTime" : 768.0,
    "throughput" : 0.48498957272418647,
    "receivedKBytesPerSec" : 0.8365122884232989,
    "sentKBytesPerSec" : 0.5676367215917358
  },
  "FlighBooking_T01_HomePage" : {
    "transaction" : "FlighBooking_T01_HomePage",
    "sampleCount" : 5,
    "errorCount" : 0,
    "errorPct" : 0.0,
    "meanResTime" : 513.2,
    "medianResTime" : 520.0,
    "minResTime" : 273.0,
    "maxResTime" : 768.0,
    "pct1ResTime" : 768.0,
    "pct2ResTime" : 768.0,
    "pct3ResTime" : 768.0,
    "throughput" : 0.3076923076923077,
    "receivedKBytesPerSec" : 0.49278846153846156,
    "sentKBytesPerSec" : 0.25540865384615385
  },
  "/confirmation.php" : {
    "transaction" : "/confirmation.php",
    "sampleCount" : 5,
    "errorCount" : 0,
    "errorPct" : 0.0,
    "meanResTime" : 296.8,
    "medianResTime" : 319.0,
    "minResTime" : 200.0,
    "maxResTime" : 393.0,
    "pct1ResTime" : 393.0,
    "pct2ResTime" : 393.0,
    "pct3ResTime" : 393.0,
    "throughput" : 0.3179245882876581,
    "receivedKBytesPerSec" : 0.5428313966427163,
    "sentKBytesPerSec" : 0.44025104120302666
  },
  "FlighBooking_T03_SelectFlight" : {
    "transaction" : "FlighBooking_T03_SelectFlight",
    "sampleCount" : 5,
    "errorCount" : 0,
    "errorPct" : 0.0,
    "meanResTime" : 330.8,
    "medianResTime" : 287.0,
    "minResTime" : 236.0,
    "maxResTime" : 435.0,
    "pct1ResTime" : 435.0,
    "pct2ResTime" : 435.0,
    "pct3ResTime" : 435.0,
    "throughput" : 0.31633556877135266,
    "receivedKBytesPerSec" : 0.6145065560546629,
    "sentKBytesPerSec" : 0.40098004713399976
  },
  "/purchase.php" : {
    "transaction" : "/purchase.php",
    "sampleCount" : 5,
    "errorCount" : 0,
    "errorPct" : 0.0,
    "meanResTime" : 330.8,
    "medianResTime" : 287.0,
    "minResTime" : 236.0,
    "maxResTime" : 435.0,
    "pct1ResTime" : 435.0,
    "pct2ResTime" : 435.0,
    "pct3ResTime" : 435.0,
    "throughput" : 0.3163155563990637,
    "receivedKBytesPerSec" : 0.6144676804580249,
    "sentKBytesPerSec" : 0.4009546798886569
  },
  "/reserve.php" : {
    "transaction" : "/reserve.php",
    "sampleCount" : 5,
    "errorCount" : 0,
    "errorPct" : 0.0,
    "meanResTime" : 330.8,
    "medianResTime" : 302.0,
    "minResTime" : 206.0,
    "maxResTime" : 475.0,
    "pct1ResTime" : 475.0,
    "pct2ResTime" : 475.0,
    "pct3ResTime" : 475.0,
    "throughput" : 0.31709791983764585,
    "receivedKBytesPerSec" : 0.5224683694824962,
    "sentKBytesPerSec" : 0.38026977105530185
  }
}