{
  "/HomePage" : {
    "transaction" : "/HomePage",
    "sampleCount" : 5,
    "errorCount" : 0,
    "errorPct" : 0.0,
    "meanResTime" : 461.2,
    "medianResTime" : 263.0,
    "minResTime" : 221.0,
    "maxResTime" : 1263.0,
    "pct1ResTime" : 1263.0,
    "pct2ResTime" : 1263.0,
    "pct3ResTime" : 1263.0,
    "throughput" : 0.3117984534796708,
    "receivedKBytesPerSec" : 0.5127623004489897,
    "sentKBytesPerSec" : 0.2588170756423048
  },
  "FlighBooking_T04_BookFlight" : {
    "transaction" : "FlighBooking_T04_BookFlight",
    "sampleCount" : 5,
    "errorCount" : 0,
    "errorPct" : 0.0,
    "meanResTime" : 285.2,
    "medianResTime" : 262.0,
    "minResTime" : 209.0,
    "maxResTime" : 461.0,
    "pct1ResTime" : 461.0,
    "pct2ResTime" : 461.0,
    "pct3ResTime" : 461.0,
    "throughput" : 0.33393441528083884,
    "receivedKBytesPerSec" : 0.567688505977426,
    "sentKBytesPerSec" : 0.4624208992853803
  },
  "FlighBooking_T02_FlightFinder" : {
    "transaction" : "FlighBooking_T02_FlightFinder",
    "sampleCount" : 5,
    "errorCount" : 0,
    "errorPct" : 0.0,
    "meanResTime" : 208.2,
    "medianResTime" : 211.0,
    "minResTime" : 187.0,
    "maxResTime" : 226.0,
    "pct1ResTime" : 226.0,
    "pct2ResTime" : 226.0,
    "pct3ResTime" : 226.0,
    "throughput" : 0.3354804079441761,
    "receivedKBytesPerSec" : 0.5681544174382716,
    "sentKBytesPerSec" : 0.40231439546430486
  },
  "Total" : {
    "transaction" : "Total",
    "sampleCount" : 20,
    "errorCount" : 0,
    "errorPct" : 0.0,
    "meanResTime" : 305.3,
    "medianResTime" : 222.0,
    "minResTime" : 187.0,
    "maxResTime" : 1263.0,
    "pct1ResTime" : 506.9000000000001,
    "pct2ResTime" : 1225.4499999999994,
    "pct3ResTime" : 1263.0,
    "throughput" : 0.49115913555992136,
    "receivedKBytesPerSec" : 0.8596483991281926,
    "sentKBytesPerSec" : 0.5748576405943026
  },
  "FlighBooking_T01_HomePage" : {
    "transaction" : "FlighBooking_T01_HomePage",
    "sampleCount" : 5,
    "errorCount" : 0,
    "errorPct" : 0.0,
    "meanResTime" : 461.2,
    "medianResTime" : 263.0,
    "minResTime" : 221.0,
    "maxResTime" : 1263.0,
    "pct1ResTime" : 1263.0,
    "pct2ResTime" : 1263.0,
    "pct3ResTime" : 1263.0,
    "throughput" : 0.3090807937194783,
    "receivedKBytesPerSec" : 0.5082930240464858,
    "sentKBytesPerSec" : 0.2565612057241763
  },
  "/confirmation.php" : {
    "transaction" : "/confirmation.php",
    "sampleCount" : 5,
    "errorCount" : 0,
    "errorPct" : 0.0,
    "meanResTime" : 285.2,
    "medianResTime" : 262.0,
    "minResTime" : 209.0,
    "maxResTime" : 461.0,
    "pct1ResTime" : 461.0,
    "pct2ResTime" : 461.0,
    "pct3ResTime" : 461.0,
    "throughput" : 0.33393441528083884,
    "receivedKBytesPerSec" : 0.567688505977426,
    "sentKBytesPerSec" : 0.4624208992853803
  },
  "FlighBooking_T03_SelectFlight" : {
    "transaction" : "FlighBooking_T03_SelectFlight",
    "sampleCount" : 5,
    "errorCount" : 0,
    "errorPct" : 0.0,
    "meanResTime" : 266.6,
    "medianResTime" : 209.0,
    "minResTime" : 196.0,
    "maxResTime" : 512.0,
    "pct1ResTime" : 512.0,
    "pct2ResTime" : 512.0,
    "pct3ResTime" : 512.0,
    "throughput" : 0.33552543282780833,
    "receivedKBytesPerSec" : 0.6585997265467722,
    "sentKBytesPerSec" : 0.4253046990336868
  },
  "/purchase.php" : {
    "transaction" : "/purchase.php",
    "sampleCount" : 5,
    "errorCount" : 0,
    "errorPct" : 0.0,
    "meanResTime" : 266.6,
    "medianResTime" : 209.0,
    "minResTime" : 196.0,
    "maxResTime" : 512.0,
    "pct1ResTime" : 512.0,
    "pct2ResTime" : 512.0,
    "pct3ResTime" : 512.0,
    "throughput" : 0.33550291887539424,
    "receivedKBytesPerSec" : 0.6585555341206468,
    "sentKBytesPerSec" : 0.4252761608400993
  },
  "/reserve.php" : {
    "transaction" : "/reserve.php",
    "sampleCount" : 5,
    "errorCount" : 0,
    "errorPct" : 0.0,
    "meanResTime" : 208.2,
    "medianResTime" : 211.0,
    "minResTime" : 187.0,
    "maxResTime" : 226.0,
    "pct1ResTime" : 226.0,
    "pct2ResTime" : 226.0,
    "pct3ResTime" : 226.0,
    "throughput" : 0.33550291887539424,
    "receivedKBytesPerSec" : 0.5681925409313561,
    "sentKBytesPerSec" : 0.40234139099510163
  }
}