{
  "/HomePage" : {
    "transaction" : "/HomePage",
    "sampleCount" : 5,
    "errorCount" : 0,
    "errorPct" : 0.0,
    "meanResTime" : 516.0,
    "medianResTime" : 375.0,
    "minResTime" : 211.0,
    "maxResTime" : 1340.0,
    "pct1ResTime" : 1340.0,
    "pct2ResTime" : 1340.0,
    "pct3ResTime" : 1340.0,
    "throughput" : 0.31065548306927615,
    "receivedKBytesPerSec" : 0.5032376126126127,
    "sentKBytesPerSec" : 0.25786832090711403
  },
  "FlighBooking_T04_BookFlight" : {
    "transaction" : "FlighBooking_T04_BookFlight",
    "sampleCount" : 5,
    "errorCount" : 0,
    "errorPct" : 0.0,
    "meanResTime" : 424.8,
    "medianResTime" : 363.0,
    "minResTime" : 185.0,
    "maxResTime" : 804.0,
    "pct1ResTime" : 804.0,
    "pct2ResTime" : 804.0,
    "pct3ResTime" : 804.0,
    "throughput" : 0.3265199503689675,
    "receivedKBytesPerSec" : 0.5696242571671128,
    "sentKBytesPerSec" : 0.4521536031476523
  },
  "FlighBooking_T02_FlightFinder" : {
    "transaction" : "FlighBooking_T02_FlightFinder",
    "sampleCount" : 5,
    "errorCount" : 0,
    "errorPct" : 0.0,
    "meanResTime" : 261.2,
    "medianResTime" : 242.0,
    "minResTime" : 180.0,
    "maxResTime" : 417.0,
    "pct1ResTime" : 417.0,
    "pct2ResTime" : 417.0,
    "pct3ResTime" : 417.0,
    "throughput" : 0.33588606744592236,
    "receivedKBytesPerSec" : 0.5464052843275561,
    "sentKBytesPerSec" : 0.4028008699449147
  },
  "Total" : {
    "transaction" : "Total",
    "sampleCount" : 20,
    "errorCount" : 0,
    "errorPct" : 0.0,
    "meanResTime" : 359.59999999999997,
    "medianResTime" : 247.5,
    "minResTime" : 180.0,
    "maxResTime" : 1340.0,
    "pct1ResTime" : 778.7000000000005,
    "pct2ResTime" : 1313.1999999999996,
    "pct3ResTime" : 1340.0,
    "throughput" : 0.48340705290890196,
    "receivedKBytesPerSec" : 0.8377245954487227,
    "sentKBytesPerSec" : 0.56578452432746
  },
  "FlighBooking_T01_HomePage" : {
    "transaction" : "FlighBooking_T01_HomePage",
    "sampleCount" : 5,
    "errorCount" : 0,
    "errorPct" : 0.0,
    "meanResTime" : 516.0,
    "medianResTime" : 375.0,
    "minResTime" : 211.0,
    "maxResTime" : 1340.0,
    "pct1ResTime" : 1340.0,
    "pct2ResTime" : 1340.0,
    "pct3ResTime" : 1340.0,
    "throughput" : 0.3089089336463611,
    "receivedKBytesPerSec" : 0.5004083389966638,
    "sentKBytesPerSec" : 0.2564185484369208
  },
  "/confirmation.php" : {
    "transaction" : "/confirmation.php",
    "sampleCount" : 5,
    "errorCount" : 0,
    "errorPct" : 0.0,
    "meanResTime" : 424.8,
    "medianResTime" : 363.0,
    "minResTime" : 185.0,
    "maxResTime" : 804.0,
    "pct1ResTime" : 804.0,
    "pct2ResTime" : 804.0,
    "pct3ResTime" : 804.0,
    "throughput" : 0.3264986287057594,
    "receivedKBytesPerSec" : 0.5695870608593444,
    "sentKBytesPerSec" : 0.4521240776413739
  },
  "FlighBooking_T03_SelectFlight" : {
    "transaction" : "FlighBooking_T03_SelectFlight",
    "sampleCount" : 5,
    "errorCount" : 0,
    "errorPct" : 0.0,
    "meanResTime" : 236.4,
    "medianResTime" : 224.0,
    "minResTime" : 183.0,
    "maxResTime" : 343.0,
    "pct1ResTime" : 343.0,
    "pct2ResTime" : 343.0,
    "pct3ResTime" : 343.0,
    "throughput" : 0.34034442856170444,
    "receivedKBytesPerSec" : 0.6604809066775577,
    "sentKBytesPerSec" : 0.4314131526104417
  },
  "/purchase.php" : {
    "transaction" : "/purchase.php",
    "sampleCount" : 5,
    "errorCount" : 0,
    "errorPct" : 0.0,
    "meanResTime" : 236.4,
    "medianResTime" : 224.0,
    "minResTime" : 183.0,
    "maxResTime" : 343.0,
    "pct1ResTime" : 343.0,
    "pct2ResTime" : 343.0,
    "pct3ResTime" : 343.0,
    "throughput" : 0.34032126327252926,
    "receivedKBytesPerSec" : 0.6604359515382521,
    "sentKBytesPerSec" : 0.43138378879662403
  },
  "/reserve.php" : {
    "transaction" : "/reserve.php",
    "sampleCount" : 5,
    "errorCount" : 0,
    "errorPct" : 0.0,
    "meanResTime" : 261.2,
    "medianResTime" : 242.0,
    "minResTime" : 180.0,
    "maxResTime" : 417.0,
    "pct1ResTime" : 417.0,
    "pct2ResTime" : 417.0,
    "pct3ResTime" : 417.0,
    "throughput" : 0.33586350507153895,
    "receivedKBytesPerSec" : 0.5463685808087593,
    "sentKBytesPerSec" : 0.40277381272250956
  }
}